{"stats":{"minecraft:crafted":{"minecraft:cooked_beef":5,"mekanismtools:osmium_sword":1,"mekanism:ingot_tin":6,"iceandfire:silver_ingot":25,"minecraft:crafting_table":2,"mekanism:ingot_osmium":18,"minecraft:jungle_boat":1,"minecraft:wooden_pickaxe":1,"minecraft:cooked_chicken":3,"mekanismtools:osmium_chestplate":1,"minecraft:furnace":1,"minecraft:bucket":1,"minecraft:stone_axe":1,"minecraft:cooked_mutton":6,"minecraft:air":0,"minecraft:jungle_planks":20,"minecraft:shield":1,"iceandfire:armor_silver_metal_leggings":1,"minecraft:stick":11,"minecraft:iron_ingot":5,"minecraft:stone_pickaxe":1,"iceandfire:armor_silver_metal_boots":1,"minecraft:acacia_planks":48,"mekanismtools:osmium_helmet":1,"iceandfire:silver_pickaxe":1,"mekanismtools:osmium_pickaxe":1},"minecraft:used":{"minecraft:cooked_mutton":6,"minecraft:stone_pickaxe":69,"minecraft:shield":2,"minecraft:wooden_pickaxe":6,"minecraft:cooked_chicken":3,"minecraft:jungle_boat":1,"minecraft:dirt":34,"minecraft:crafting_table":7,"mekanismtools:osmium_sword":37,"minecraft:acacia_sapling":6,"minecraft:granite":3,"mekanismtools:osmium_pickaxe":6,"iceandfire:silver_pickaxe":115,"minecraft:black_terracotta":8,"minecraft:melon_slice":36,"minecraft:jungle_log":2,"minecraft:stone_axe":91,"minecraft:cobblestone":50,"minecraft:furnace":10,"minecraft:bucket":1,"minecraft:cooked_beef":6,"minecraft:acacia_planks":10,"minecraft:coarse_dirt":2},"minecraft:killed_by":{"iceandfire:gorgon":3},"minecraft:picked_up":{"minecraft:coarse_dirt":2,"minecraft:crafting_table":12,"minecraft:cooked_beef":1,"minecraft:feather":16,"minecraft:chicken":3,"minecraft:andesite":4,"silentgems:sapphire_glowrose":24,"minecraft:jungle_log":7,"minecraft:leather":16,"minecraft:wooden_pickaxe":1,"mekanismtools:osmium_sword":3,"minecraft:oak_log":40,"minecraft:gunpowder":1,"minecraft:string":2,"minecraft:dirt":35,"minecraft:bone":8,"minecraft:acacia_planks":111,"minecraft:wheat_seeds":8,"mysticalagriculture:inferium_essence":142,"minecraft:beef":24,"minecraft:iron_ingot":4,"minecraft:stone_pickaxe":4,"minecraft:bamboo":7,"minecraft:melon_slice":98,"minecraft:sugar_cane":36,"minecraft:acacia_sapling":26,"minecraft:furnace":14,"minecraft:stick":39,"minecraft:raw_iron":8,"minecraft:black_terracotta":32,"minecraft:acacia_log":88,"minecraft:jungle_planks":12,"mekanism:raw_osmium":30,"mekanism:raw_tin":17,"iceandfire:silver_ingot":20,"iceandfire:silver_pickaxe":3,"minecraft:rotten_flesh":13,"minecraft:arrow":10,"minecraft:stone_axe":3,"silentgems:moldavite_glowrose":1,"minecraft:granite":12,"mekanismtools:osmium_pickaxe":3,"minecraft:emerald":4,"iceandfire:gorgon_head":1,"mekanism:ingot_osmium":6,"minecraft:oak_sapling":16,"minecraft:mutton":24,"minecraft:white_wool":12,"minecraft:coal":198,"iceandfire:raw_silver":26,"minecraft:cobblestone":122},"minecraft:dropped":{"minecraft:iron_sword":1,"silentgems:moldavite_glowrose":1,"minecraft:sugar_cane":9,"minecraft:wheat_seeds":2,"minecraft:rotten_flesh":5,"minecraft:andesite":2,"minecraft:melon_slice":9,"minecraft:oak_sapling":4,"minecraft:acacia_sapling":5,"minecraft:stone_pickaxe":1,"minecraft:wooden_pickaxe":2,"silentgems:sapphire_glowrose":6},"minecraft:custom":{"minecraft:interact_with_furnace":80,"minecraft:mob_kills":25,"minecraft:interact_with_crafting_table":32,"minecraft:leave_game":2,"minecraft:time_since_death":44698,"minecraft:climb_one_cm":5950,"minecraft:time_since_rest":44723,"minecraft:sprint_one_cm":200146,"minecraft:damage_taken":2147483647,"minecraft:walk_one_cm":248949,"minecraft:damage_blocked_by_shield":40,"minecraft:drop":22,"minecraft:damage_dealt":4771,"minecraft:swim_one_cm":35834,"minecraft:fly_one_cm":276230,"minecraft:player_kills":1,"minecraft:open_chest":4,"minecraft:crouch_one_cm":43114,"minecraft:play_time":103126,"minecraft:deaths":4,"minecraft:sneak_time":13163,"minecraft:walk_under_water_one_cm":9498,"minecraft:boat_one_cm":85680,"minecraft:jump":2331,"minecraft:walk_on_water_one_cm":9648,"minecraft:total_world_time":103126,"minecraft:fall_one_cm":75043},"minecraft:mined":{"minecraft:acacia_leaves":6,"mekanism:osmium_ore":13,"iceandfire:silver_ore":22,"minecraft:black_terracotta":8,"minecraft:jungle_leaves":5,"mekanism:deepslate_osmium_ore":5,"minecraft:crafting_table":9,"minecraft:granite":2,"silentgems:sapphire_glowrose":6,"minecraft:acacia_log":31,"minecraft:emerald_ore":3,"minecraft:grass_block":3,"minecraft:melon":11,"minecraft:jungle_planks":1,"minecraft:jungle_log":7,"mekanism:tin_ore":15,"iceandfire:deepslate_silver_ore":4,"minecraft:cobblestone":4,"minecraft:spruce_leaves":5,"minecraft:sugar_cane":4,"botania:light_gray_mystical_flower":1,"mysticalagriculture:inferium_ore":13,"minecraft:coarse_dirt":2,"minecraft:furnace":10,"minecraft:iron_ore":8,"minecraft:andesite":4,"minecraft:grass":22,"minecraft:oak_log":10,"minecraft:coal_ore":24,"minecraft:vine":3,"minecraft:dirt":7,"minecraft:bamboo":1,"minecraft:stone":55,"silentgems:moldavite_glowrose":1,"minecraft:oak_leaves":2,"minecraft:fern":4},"minecraft:killed":{"iceandfire:gorgon":1,"minecraft:spider":3,"minecraft:creeper":1,"minecraft:skeleton":3,"minecraft:sheep":4,"mekanismadditions:baby_skeleton":2,"minecraft:zombie":5,"minecraft:chicken":3,"minecraft:drowned":1,"minecraft:cow":2}},"DataVersion":3465}