{"stats":{"minecraft:crafted":{"minecraft:cooked_beef":2,"minecraft:oak_planks":24,"minecraft:crafting_table":3,"minecraft:wooden_pickaxe":1,"minecraft:furnace":2,"minecraft:mushroom_stew":3,"minecraft:air":0,"minecraft:stick":4,"minecraft:stone_pickaxe":1,"minecraft:wooden_axe":2,"ageofweapons:cudgel_wood":1,"minecraft:stone_sword":1,"minecraft:acacia_planks":120,"minecraft:torch":8},"minecraft:used":{"minecraft:stone_sword":36,"ageofweapons:cudgel_wood":8,"minecraft:stone_pickaxe":99,"aquaculture:arapaima":1,"minecraft:wooden_pickaxe":5,"minecraft:iron_sword":17,"minecraft:white_wool":1,"minecraft:torch":9,"minecraft:mutton":6,"minecraft:crafting_table":7,"minecraft:mushroom_stew":5,"aquaculture:rainbow_trout":1,"minecraft:wooden_axe":89,"minecraft:apple":6,"minecraft:bread":1,"minecraft:iron_pickaxe":14,"aquaculture:boulti":2,"minecraft:furnace":5,"minecraft:cooked_beef":2,"minecraft:coarse_dirt":1,"minecraft:acacia_planks":31,"aquaculture:perch":3},"minecraft:picked_up":{"minecraft:cocoa_beans":6,"minecraft:crafting_table":5,"minecraft:coarse_dirt":1,"minecraft:jungle_log":25,"minecraft:leather":7,"minecraft:brown_mushroom":4,"minecraft:wooden_pickaxe":1,"minecraft:red_mushroom":8,"minecraft:mushroom_stew":2,"minecraft:oak_log":6,"aquaculture:rainbow_trout":2,"minecraft:dirt":25,"minecraft:raw_copper":20,"minecraft:bone":3,"minecraft:acacia_planks":42,"minecraft:stone_bricks":1,"mysticalagriculture:inferium_essence":2,"minecraft:beef":2,"minecraft:stone_pickaxe":1,"minecraft:jungle_sapling":6,"minecraft:light_gray_wool":1,"minecraft:moss_block":3,"minecraft:iron_sword":1,"minecraft:acacia_sapling":6,"minecraft:oak_planks":11,"aquaculture:arapaima":2,"minecraft:furnace":4,"minecraft:stick":30,"minecraft:torch":3,"minecraft:acacia_log":58,"minecraft:dripstone_block":4,"aquaculture:perch":3,"minecraft:pointed_dripstone":4,"aquaculture:boulti":2,"ae2:sky_stone_block":1,"minecraft:rotten_flesh":2,"minecraft:arrow":2,"minecraft:granite":1,"minecraft:emerald":1,"minecraft:mutton":9,"minecraft:coal":9,"minecraft:white_wool":10,"minecraft:cobblestone":56},"minecraft:broken":{"minecraft:wooden_axe":1},"minecraft:dropped":{"minecraft:moss_block":2,"minecraft:granite":1,"minecraft:stick":9,"minecraft:jungle_sapling":3,"minecraft:stone_bricks":1,"minecraft:wooden_pickaxe":1},"minecraft:custom":{"minecraft:interact_with_furnace":9,"minecraft:mob_kills":24,"minecraft:interact_with_crafting_table":9,"minecraft:leave_game":1,"minecraft:time_since_death":54280,"minecraft:climb_one_cm":2085,"minecraft:time_since_rest":54372,"minecraft:sprint_one_cm":168891,"minecraft:damage_taken":811,"minecraft:walk_one_cm":137259,"minecraft:drop":6,"minecraft:damage_dealt":2974,"minecraft:swim_one_cm":38892,"minecraft:fly_one_cm":168127,"minecraft:open_chest":6,"minecraft:crouch_one_cm":3824,"minecraft:play_time":64781,"minecraft:deaths":1,"minecraft:sneak_time":1618,"minecraft:walk_under_water_one_cm":10788,"minecraft:jump":1233,"minecraft:walk_on_water_one_cm":21373,"minecraft:total_world_time":64781,"minecraft:fall_one_cm":26917},"minecraft:mined":{"minecraft:acacia_leaves":5,"minecraft:brown_mushroom":4,"minecraft:crafting_table":5,"minecraft:torch":1,"minecraft:granite":1,"minecraft:acacia_log":30,"minecraft:emerald_ore":1,"minecraft:grass_block":2,"minecraft:jungle_log":25,"minecraft:rose_bush":1,"minecraft:cobblestone":1,"minecraft:copper_ore":6,"minecraft:deepslate_coal_ore":2,"minecraft:red_mushroom":8,"minecraft:moss_block":5,"minecraft:wall_torch":3,"minecraft:coarse_dirt":1,"minecraft:furnace":4,"minecraft:ice":1,"minecraft:grass":1,"minecraft:pointed_dripstone":2,"minecraft:oak_log":6,"minecraft:coal_ore":14,"minecraft:cocoa":1,"minecraft:vine":3,"minecraft:dripstone_block":4,"minecraft:dirt":1,"minecraft:acacia_planks":11,"ae2:sky_stone_block":1,"minecraft:stone_bricks":1,"minecraft:stone":53,"minecraft:white_wool":1,"minecraft:oak_leaves":1},"minecraft:killed":{"minecraft:spider":1,"aquaculture:boulti":2,"aquaculture:arapaima":1,"minecraft:sheep":6,"minecraft:skeleton":2,"minecraft:zombie":1,"minecraft:llama":6,"aquaculture:perch":3,"aquaculture:rainbow_trout":1,"minecraft:cow":1}},"DataVersion":3465}