{"stats":{"minecraft:crafted":{"minecraft:cooked_beef":11,"minecraft:oak_planks":68,"minecraft:cooked_porkchop":2,"minecraft:crafting_table":8,"minecraft:wooden_pickaxe":1,"minecraft:iron_sword":1,"minecraft:bowl":84,"minecraft:furnace":3,"minecraft:mushroom_stew":21,"minecraft:stone_axe":1,"minecraft:air":0,"minecraft:jungle_planks":192,"minecraft:bow":1,"minecraft:stick":12,"minecraft:iron_ingot":16,"minecraft:iron_pickaxe":1,"minecraft:stone_pickaxe":1,"minecraft:wooden_axe":1,"minecraft:acacia_planks":260,"minecraft:torch":60},"minecraft:used":{"minecraft:moss_block":1,"minecraft:stone_pickaxe":99,"minecraft:wooden_pickaxe":7,"minecraft:iron_sword":74,"minecraft:stick":3,"minecraft:torch":12,"minecraft:crafting_table":8,"minecraft:mushroom_stew":18,"minecraft:jungle_planks":7,"minecraft:acacia_sapling":1,"minecraft:wooden_axe":63,"minecraft:melon_slice":9,"minecraft:iron_pickaxe":95,"minecraft:stone_slab":1,"minecraft:stone_axe":118,"minecraft:cobblestone":3,"minecraft:bow":2,"minecraft:oak_sapling":3,"minecraft:furnace":6,"minecraft:cooked_porkchop":2,"minecraft:andesite":5,"minecraft:acacia_planks":68},"minecraft:killed_by":{"minecraft:player":2,"minecraft:cave_spider":1},"minecraft:picked_up":{"minecraft:crafting_table":4,"minecraft:jungle_log":48,"minecraft:andesite":5,"minecraft:leather":17,"minecraft:brown_mushroom":109,"minecraft:stone_slab":1,"minecraft:wooden_pickaxe":3,"minecraft:red_mushroom":40,"minecraft:mushroom_stew":10,"minecraft:oak_log":16,"minecraft:gunpowder":2,"minecraft:dirt":5,"minecraft:string":200,"minecraft:bone":18,"minecraft:acacia_planks":650,"minecraft:wheat_seeds":4,"mysticalagriculture:inferium_essence":7,"minecraft:iron_ingot":3,"minecraft:beef":34,"minecraft:stone_pickaxe":2,"minecraft:jungle_sapling":1,"minecraft:iron_pickaxe":4,"minecraft:moss_block":1,"minecraft:melon_slice":9,"minecraft:iron_sword":4,"minecraft:oak_planks":132,"minecraft:acacia_sapling":13,"minecraft:furnace":7,"minecraft:stick":41,"minecraft:raw_iron":47,"minecraft:torch":167,"minecraft:bowl":199,"minecraft:acacia_log":65,"minecraft:jungle_planks":562,"minecraft:porkchop":2,"minecraft:spider_eye":2,"minecraft:oak_wood":6,"minecraft:arrow":26,"minecraft:rotten_flesh":2,"minecraft:stone_axe":1,"minecraft:granite":1,"minecraft:oak_sapling":11,"minecraft:coal":374,"minecraft:cobblestone":67},"minecraft:broken":{"minecraft:stone_axe":1,"minecraft:wooden_axe":1},"minecraft:dropped":{"minecraft:iron_sword":1,"minecraft:wheat_seeds":4,"minecraft:bowl":20,"minecraft:rotten_flesh":2,"minecraft:granite":1,"minecraft:mushroom_stew":3,"minecraft:stick":4,"minecraft:dirt":3,"minecraft:acacia_sapling":12,"minecraft:oak_sapling":4,"minecraft:jungle_sapling":1,"minecraft:spider_eye":1,"minecraft:stone_pickaxe":1,"minecraft:wooden_pickaxe":2,"minecraft:iron_pickaxe":1},"minecraft:custom":{"minecraft:interact_with_furnace":21,"minecraft:mob_kills":25,"minecraft:interact_with_crafting_table":11,"minecraft:leave_game":1,"minecraft:time_since_death":8001,"minecraft:climb_one_cm":1730,"minecraft:time_since_rest":8074,"minecraft:sprint_one_cm":179789,"minecraft:damage_taken":2147483647,"minecraft:walk_one_cm":181237,"minecraft:drop":38,"minecraft:damage_dealt":4825,"minecraft:swim_one_cm":27202,"minecraft:fly_one_cm":265590,"minecraft:crouch_one_cm":6,"minecraft:play_time":64820,"minecraft:deaths":4,"minecraft:sneak_time":7,"minecraft:walk_under_water_one_cm":4016,"minecraft:jump":1925,"minecraft:walk_on_water_one_cm":14802,"minecraft:total_world_time":64820,"minecraft:fall_one_cm":63833},"minecraft:mined":{"minecraft:brown_mushroom":35,"minecraft:flowering_azalea":1,"minecraft:granite":1,"minecraft:acacia_log":65,"minecraft:oak_wood":16,"minecraft:grass_block":2,"minecraft:jungle_log":55,"minecraft:stone_slab":1,"minecraft:cobblestone":6,"minecraft:moss_block":1,"minecraft:red_mushroom":20,"minecraft:furnace":6,"minecraft:iron_ore":16,"minecraft:andesite":5,"minecraft:grass":5,"minecraft:oak_log":11,"minecraft:coal_ore":106,"minecraft:vine":4,"minecraft:dirt":1,"minecraft:cobweb":20,"minecraft:stone":38,"minecraft:oak_leaves":52,"minecraft:fern":1},"minecraft:killed":{"minecraft:cave_spider":5,"minecraft:pig":2,"minecraft:spider":2,"minecraft:creeper":1,"minecraft:skeleton":5,"mekanismadditions:baby_skeleton":2,"minecraft:zombie":3,"minecraft:cow":5}},"DataVersion":3465}